filename,width,height,class,xmin,ymin,xmax,ymax
images-15-_jpg.rf.f3aa590b117143673ae88de31adbcdb3.jpg,640,640,United-States,291,459,520,619
images-15-_jpg.rf.f3aa590b117143673ae88de31adbcdb3.jpg,640,640,United-States,49,421,215,559
images-31-_jpg.rf.f44e42153cd5e7c6d640c3b10dc4c28e.jpg,640,640,South-Korea,199,257,322,408
images-29-_jpg.rf.f4503a3e2c4610effbbb443dd5390ed8.jpg,640,640,South-Korea,76,262,300,433
images-14-_jpg.rf.f53ab7c6c96164b614a8adb0c195c8c9.jpg,640,640,United-Kingdom,190,148,640,512
images-14-_jpg.rf.f57101d04daea074eda65cb643c103be.jpg,640,640,Canada,79,116,378,429
images-26-_jpg.rf.f574800b2e1edceec9d47cb58dfa180b.jpg,640,640,Germany,213,49,365,335
download_png.rf.f5b20eed08563f3c0dbe2c1d62611f6e.jpg,640,640,Canada,17,168,621,573
images_png.rf.f5bbb202daf1d78e684f107996d42bff.jpg,640,640,Germany,67,45,541,576
images-20-_jpg.rf.f66a6cb3587c5cdadb595fa0442d5ccf.jpg,640,640,China,316,151,563,433
images-27-_jpg.rf.f8d4a81338ad6ea3f2e6865f9be53708.jpg,640,640,China,238,154,464,524
images-26-_jpg.rf.f927ae5d2ed6eda52764536904bb5c55.jpg,640,640,Japan,63,220,525,503
images-12-_jpg.rf.f93c06dc6daf3ddb2229f1235a90ae79.jpg,640,640,United-Kingdom,282,395,391,532
download-5-_jpg.rf.fa01e888994abde4139a6c47b81b3291.jpg,640,640,Canada,113,124,542,494
images-1-_jpg.rf.fa039c9f32cc3d4863c1978d6921d961.jpg,640,640,India,138,154,558,444
images-18-_jpg.rf.fa58e3fe5eb8ce81c47befab6021fc99.jpg,640,640,Japan,155,237,434,318
images-18-_jpg.rf.fac77777763b41b442b8c882ccb81258.jpg,640,640,Russia,38,120,477,370
images-22-_jpg.rf.f953d6d0bf5011317e2a392f976625ae.jpg,640,640,India,136,14,578,570
images-25-_jpg.rf.f7821d70b49cea88b85b3b4e0663e46a.jpg,640,640,South-Korea,306,151,632,581
images-16-_jpg.rf.fa24e96060cdac7d8504b2b8f670f6b4.jpg,640,640,India,103,50,529,473
images-1-_jpg.rf.fb0db74378bea69a898416693a29e53f.jpg,640,640,Pakistan,304,203,451,430
images-18-_jpg.rf.fbc872871bfa3a949dc6b742cb8bbc5a.jpg,640,640,China,57,43,308,400
download-1-_jpg.rf.fa6e278b81f5b327c6340110ec6c9170.jpg,640,640,Japan,261,72,422,334
images-12-_jpg.rf.fb467af63b2fa28f9b59a0670d055362.jpg,640,640,Pakistan,180,123,490,515
images-9-_jpg.rf.fbaf3be33b9376d83c19f8a6c91712f0.jpg,640,640,China,0,115,519,629
images_jpg.rf.fbbdee9681955a77222347be37887b7e.jpg,640,640,United-States,7,121,617,498
images-20-_jpg.rf.fc33c416b8a3ea7c7751e7baf12bc8f2.jpg,640,640,Pakistan,56,127,247,387
images-12-_jpg.rf.fc0b0d8a464bbc13f401e494ef52b98d.jpg,640,640,United-Kingdom,252,130,339,246
images-24-_jpg.rf.fd2f60b4f33db47eadd19324b235d8ab.jpg,640,640,Pakistan,152,258,379,463
images-5-_jpg.rf.fcbae551ed79bfe6d3fc4d4b02917d87.jpg,640,640,Pakistan,208,386,596,548
download-2-_jpg.rf.fc6c1563033f035ba945f4c2ccc60985.jpg,640,640,China,108,172,429,387
images-12-_jpg.rf.fe7288e42038cb0bf6b0342069c892c3.jpg,640,640,India,67,0,408,620
images-25-_jpg.rf.fd75a5d3ac70de7f564b39ad7079b82d.jpg,640,640,South-Korea,0,52,377,560
images-13-_jpg.rf.febd6c48d5784687476b1146a112aad4.jpg,640,640,Russia,20,50,588,509
images-1-_png.rf.fc2153262cc835f0425496e22cd7a693.jpg,640,640,Japan,143,119,391,347
images-15-_jpg.rf.ffc779418ad3c6fcce2842847ad2ad6d.jpg,640,640,United-Kingdom,330,46,640,402
images-20-_jpg.rf.fe55354a5f13495889f747ae77a0ac6a.jpg,640,640,India,295,200,550,389
images-27-_jpg.rf.fc845ea56944fea3f482cb5675450b7b.jpg,640,640,India,50,0,559,472
images-24-_jpg.rf.fd980a70acf244aee1351c2f33044f17.jpg,640,640,Russia,61,111,474,420
download-5-_jpg.rf.fee40f17d315dd103e0268a95c24d769.jpg,640,640,Canada,64,79,602,572
download-2-_jpg.rf.fc7ceb6573da2a4460c9eb26a157c5f2.jpg,640,640,Canada,0,0,640,640
download-3-_png.rf.9e29821cb6cec6c005daa74f79b520f4.jpg,640,640,Japan,93,72,619,638
images-5-_jpg.rf.9e8fe32d6ad97a29ba351f4344bf3a06.jpg,640,640,United-States,47,229,510,407
images-2-_png.rf.9f6d82192d961091987d2ff6a2c838d4.jpg,640,640,United-States,484,423,610,518
images-2-_png.rf.9f6d82192d961091987d2ff6a2c838d4.jpg,640,640,United-States,275,453,409,531
images-2-_png.rf.9f6d82192d961091987d2ff6a2c838d4.jpg,640,640,United-States,262,35,337,183
images-2-_png.rf.9f6d82192d961091987d2ff6a2c838d4.jpg,640,640,United-States,459,31,538,164
images-9-_jpg.rf.a02a315b64a5844defaf790c0b0b315e.jpg,640,640,Pakistan,178,140,609,442
images-23-_jpg.rf.a048f62d281d311f110882147868ca31.jpg,640,640,South-Korea,329,226,510,531
images-23-_jpg.rf.a08cadcd9743d0c4e0de15b1be1087c8.jpg,640,640,India,123,108,453,516
images-2-_png.rf.a0ccce3d3421799b6e768091080da2d0.jpg,640,640,United-Kingdom,138,210,585,436
download-1-_jpg.rf.a1a29c7660876c6adb86ed9b6ab94a93.jpg,640,640,Canada,10,9,633,615
download-5-_jpg.rf.a1e381a026e186710d224252ab890984.jpg,640,640,Japan,143,142,515,556
download-1-_jpg.rf.a1f307e71fbc3aa515c86ce3d2aada66.jpg,640,640,United-States,0,0,640,632
images-15-_jpg.rf.a20b49558448555fb7900cec72474e57.jpg,640,640,Canada,141,182,445,448
images-25-_jpg.rf.a2cc57f3c786dd86436caafbd1a3ed3a.jpg,640,640,Russia,54,114,534,518
images-6-_jpg.rf.a38561e2a777933f2803e02977dde3f4.jpg,640,640,Pakistan,28,53,237,362
images-10-_jpg.rf.a39527e287ab27de88ce298f13a00ffe.jpg,640,640,India,123,92,321,611
download-2-_jpg.rf.a53fbae526db732c7ac16a82fa74334d.jpg,640,640,United-States,139,130,465,513
images-20-_jpg.rf.a6845b8fd0a0edca5d2c89b040dfc579.jpg,640,640,United-States,296,155,356,518
download_png.rf.a6e49b8ff6050e8981d8df5dd8691d1d.jpg,640,640,South-Korea,127,189,565,464
images-12-_jpg.rf.a6cab8c31942deaf6d3c490ff5ecadfa.jpg,640,640,South-Korea,144,160,555,413
images-1-_jpg.rf.a3a3925ce92d757b58e763245e57cc20.jpg,640,640,South-Korea,141,144,383,315
images-22-_jpg.rf.a69de7621bb1000642181a09bab86ed5.jpg,640,640,Pakistan,57,187,299,428
download_jpg.rf.a733faa8cf85ac347624edcbfc769d9c.jpg,640,640,United-Kingdom,50,114,630,553
images-3-_jpg.rf.a65ed2cd6a588ee0cb6c3229e18daf33.jpg,640,640,Canada,0,0,640,640
images-21-_jpg.rf.a826d4c8ca12ea69e15c6888fdc75a5f.jpg,640,640,China,376,130,534,518
images-9-_jpg.rf.a72980da6b53cf6d17d1077cf6ba120b.jpg,640,640,Japan,134,101,564,562
download-2-_jpg.rf.a886df013f1142a292055d950d188d62.jpg,640,640,Germany,44,44,610,411
images-20-_jpg.rf.a8aa9db4b0f340bed57b784d8f37607f.jpg,640,640,Russia,72,226,264,404
images-26-_jpg.rf.a9d2b74a358ce2dd963b5e6befc7680d.jpg,640,640,South-Korea,220,47,308,544
images-30-_jpg.rf.ac7c50ce6296643cf37f24c6298ac3a9.jpg,640,640,Pakistan,158,101,463,353
images-10-_jpg.rf.aaf12306cb522678f054faeb584920e1.jpg,640,640,United-Kingdom,173,120,455,468
images-16-_jpg.rf.ab6d5eae5e841aac5e5f8dfb40128810.jpg,640,640,China,205,1,613,567
images-26-_jpg.rf.ae0fff8bc52f276299449b4cabee2396.jpg,640,640,India,284,198,524,547
images-6-_jpg.rf.adc36a9004dac8f3d07050838fec7a74.jpg,640,640,China,323,231,540,443
images_jpg.rf.ae598c98658510842026d499eb0eb13d.jpg,640,640,Russia,316,198,550,417
download-1-_jpg.rf.ab5debb4ad3cb987f2966cd2fb534cf4.jpg,640,640,United-Kingdom,28,27,640,640
download-6-_jpg.rf.adb4a9a03f670cef38ee05a8d06dc165.jpg,640,640,Canada,79,162,597,458
images-27-_jpg.rf.ae23c9b6bcd05a7969e47b796e33899c.jpg,640,640,India,14,173,542,640
images-5-_jpg.rf.ab2a8cc44f4f9303275bab88d90ad60b.jpg,640,640,Germany,349,159,538,379
images-4-_jpg.rf.af45d6182b8ab3fd0ba6d699df7f4850.jpg,640,640,Canada,158,117,383,437
images-5-_jpg.rf.ab5e6b619694042bce6cc1c35d412d41.jpg,640,640,United-States,45,217,542,421
images-19-_jpg.rf.aa6310b91815fb005ab4a95d8d8b8d94.jpg,640,640,Germany,191,166,459,480
images-20-_jpg.rf.af60696657210e7c68b5e0fa8070b2d5.jpg,640,640,India,100,255,354,439
download-1-_png.rf.ac35cda9bb0b03868c7661160aacd48b.jpg,640,640,South-Korea,17,18,640,640
images-2-_jpg.rf.af5ffb773a375caf044935a561959a09.jpg,640,640,United-Kingdom,64,171,639,469
images_jpg.rf.a8d3a0d5e4bf5dd014ef1230850eaa9e.jpg,640,640,South-Korea,118,137,523,498
images-15-_jpg.rf.ab66aa8566817140ae72e11e2546fd17.jpg,640,640,United-States,131,46,353,205
images-15-_jpg.rf.ab66aa8566817140ae72e11e2546fd17.jpg,640,640,United-States,424,96,585,232
images-21-_jpg.rf.aa4ecb37c87487896629950835615ead.jpg,640,640,Japan,175,214,399,479
download-4-_jpg.rf.ac0982dff3d73f324440d1b762d181e8.jpg,640,640,United-States,105,115,420,485
download-5-_jpg.rf.a96c1ba018fc00e929989fcebea1d019.jpg,640,640,Pakistan,77,102,542,391
download-4-_jpg.rf.abdce0553f4e458f1d9c75062f6e07ae.jpg,640,640,Canada,164,55,525,300
images-13-_jpg.rf.ae40a768a280f4dc4a75373183f119c7.jpg,640,640,India,258,21,558,417
images-9-_jpg.rf.af8d4a147fec7a0d16aca4c2db5d24ca.jpg,640,640,China,19,72,475,504
images-27-_jpg.rf.af6696e35ec1a0a02c30cd15f01b232c.jpg,640,640,China,210,123,517,550
images-6-_jpg.rf.b0043d2f5b674ee17b16bff418ebb1dd.jpg,640,640,Pakistan,61,116,222,389
download-3-_jpg.rf.b0933b2304f246bb2efaa674be3c842e.jpg,640,640,Canada,175,488,396,634
images-11-_jpg.rf.b0fbbcef6c969618737f6e657c978a1c.jpg,640,640,Pakistan,132,94,518,478
images-25-_jpg.rf.b10139719fb73e6cb920fde77735ff57.jpg,640,640,China,110,156,555,640
images-7-_jpg.rf.b2064bc1a7cfd0b88fd79202203c79b6.jpg,640,640,United-States,0,153,560,493
images-23-_jpg.rf.b2d44f44a36005acdea59a732e55322c.jpg,640,640,Russia,152,130,355,388
images-1-_jpg.rf.b3f66e7e7d7b1c8c6f461cda269dc018.jpg,640,640,Pakistan,226,232,348,432
download-1-_jpg.rf.b15c44483170381af364f14d4a0fbe71.jpg,640,640,Russia,19,56,613,565
images-20-_jpg.rf.b48cd56038620d1a20723da4d85baf34.jpg,640,640,Germany,117,176,576,512
download-1-_jpg.rf.b2da5feee7146f72d2e9d666d3c6538f.jpg,640,640,Russia,0,0,640,633
images-15-_jpg.rf.b7e4d7a13b8ac97da3681594c98f67a0.jpg,640,640,India,115,68,545,534
images-11-_jpg.rf.b4a74ec8830320923f46d75495cc0b0a.jpg,640,640,Pakistan,99,140,539,582
download_png.rf.b3d1f0dffb28a8ecd3dd38596ea129f8.jpg,640,640,South-Korea,109,161,564,475
images-2-_jpg.rf.b7b72a20bfbd56769eb9583a196f3a9f.jpg,640,640,Russia,109,152,477,559
images-5-_jpg.rf.b8c3eb9c14e0a3181b3f0c04ecf49987.jpg,640,640,Germany,110,189,268,381
download_png.rf.b7f747f98b652975e19d49317a3f2bd8.jpg,640,640,United-States,3,6,640,640
images-26-_jpg.rf.b4bccfb7c6651246f2051699684bcf1a.jpg,640,640,Germany,277,297,392,559
download-1-_jpg.rf.b899283a14f12ed5f242c4c92963ed39.jpg,640,640,Canada,0,0,640,640
images-9-_jpg.rf.b90952db864090949cfb572e6385a293.jpg,640,640,Canada,183,74,423,325
images_jpg.rf.b90008559a57eabf715eaa44328f063a.jpg,640,640,South-Korea,172,186,507,474
images-18-_jpg.rf.b499accfd05508e6818246bdbab6652b.jpg,640,640,Japan,172,313,488,453
images-5-_jpg.rf.b48826ea81004929c24254938a308085.jpg,640,640,Pakistan,199,117,548,243
images-11-_jpg.rf.ba57f52bb55b0f27781264379f1da1f8.jpg,640,640,Canada,159,0,490,210
images_jpg.rf.bbc8d31f5e5efd593c012d32a7686b0b.jpg,640,640,Russia,95,221,310,421
images-22-_jpg.rf.ba9a6677f5f6c907a8eff78c582d3753.jpg,640,640,Pakistan,349,176,556,381
download-1-_jpg.rf.b63aae94724425d9e8b764458c23e94d.jpg,640,640,Germany,320,350,483,541
download-2-_jpg.rf.bc058f2ca77cf525ee3f7be9a21f50b3.jpg,640,640,China,123,282,411,475
images-14-_jpg.rf.bbf196e43681bf1205daa6f19fb35a53.jpg,640,640,India,143,176,429,497
images-25-_jpg.rf.b1b55fb8cf1803dc8eb5ec74c6b3b468.jpg,640,640,China,119,181,476,640
images-3-_jpg.rf.bb9ea13d5a920003bcb86b41e4f70f46.jpg,640,640,China,376,153,562,447
images-6-_jpg.rf.bc5e83fa258df48c475829155c70b972.jpg,640,640,China,311,220,507,411
images-11-_jpg.rf.bcf933801aba7cad02eab26a83ec2aff.jpg,640,640,Canada,169,428,519,640
images-24-_jpg.rf.bd1ac2b549ac3c08736fecac53731ea1.jpg,640,640,Russia,38,203,477,535
images_png.rf.bd92864826246aff553ae86c96833f66.jpg,640,640,Canada,65,208,597,490
images-11-_jpg.rf.bec6c1fff2e42c9175e2683d5f9b7d75.jpg,640,640,Russia,0,0,638,640
images-26-_jpg.rf.bdb2c9d8f67967e4ec7777f4846657b2.jpg,640,640,Japan,134,253,547,460
images-14-_jpg.rf.c0236375c52360f6070644286c01984c.jpg,640,640,United-Kingdom,194,165,640,531
images_jpg.rf.bed01a9c17b099648029657b6b7f9b58.jpg,640,640,China,60,157,534,478
download-3-_png.rf.bc854eb13b2a2856de560af8cfafe011.jpg,640,640,Japan,0,26,586,640
download-3-_png.rf.bf31d887bc9cf41ae5d3767e09d3395c.jpg,640,640,Japan,62,15,640,640
images-29-_jpg.rf.bcaae6b8ab3d47e65249195076b2bf57.jpg,640,640,Russia,207,192,323,495
images-4-_jpg.rf.bf4f11949099fc65c9966c08566f3d5f.jpg,640,640,South-Korea,400,205,499,540
images-1-_jpg.rf.bdef1168d1176b64bbaacb3734c78c20.jpg,640,640,Russia,104,135,489,470
images-23-_jpg.rf.c1e3751ac1196ffa8557658735753c0b.jpg,640,640,Germany,188,153,526,536
images-20-_jpg.rf.c1d5edd5a2ff43165941bb377f4de107.jpg,640,640,China,274,200,606,558
download-2-_jpg.rf.bd6f5ea61d9255bd1b7fe2f23802da40.jpg,640,640,South-Korea,453,223,610,399
download-2-_jpg.rf.c1f0e0d33ce719a0a77334fcd0b1047d.jpg,640,640,Russia,38,98,529,518
images-2-_png.rf.c1633c94ca19ec2361339fb3827c1ca6.jpg,640,640,China,54,51,562,486
images-2-_png.rf.c1633c94ca19ec2361339fb3827c1ca6.jpg,640,640,China,528,469,640,572
images-8-_jpg.rf.be402f16cb67b1fd3f09776b6bd17d3d.jpg,640,640,South-Korea,129,138,573,408
images-22-_jpg.rf.c3a7ada91b7304ad240e08ed37d7275b.jpg,640,640,Russia,70,106,593,478
images-1-_jpg.rf.c3d0c81ad93a64b6c9a69c8faae4c258.jpg,640,640,Japan,193,305,466,468
images-10-_jpg.rf.c21defe9bd52519d58406562925f9c14.jpg,640,640,Pakistan,139,208,580,503
images-3-_png.rf.c40575bf816715d9608d70e07d5095c9.jpg,640,640,Germany,211,230,363,400
download-6-_jpg.rf.bb6a61be397077eee6a62697bf512298.jpg,640,640,China,159,127,476,565
images-12-_jpg.rf.c47fd9360af00bfa9c1145b515b1079e.jpg,640,640,Russia,192,161,466,461
images-5-_jpg.rf.c3b0019bfe635bbd132598bc75c79615.jpg,640,640,India,92,47,550,587
images-5-_jpg.rf.c4ac51266bc86ef0e1cb07f6823378d8.jpg,640,640,United-States,118,209,604,444
images_png.rf.c52a4f9b9ef82d5df43810a8755715bb.jpg,640,640,South-Korea,133,190,550,566
images-25-_jpg.rf.c46c683d683201043474a3a59935df39.jpg,640,640,Pakistan,455,228,640,414
images-16-_jpg.rf.c104695d9aae29e35d2b03c2efa4ed6a.jpg,640,640,Canada,40,50,528,450
images-11-_jpg.rf.bb73e0b31e70c4ea2afb1ffd88c1f4f3.jpg,640,640,Canada,174,440,478,636
images-5-_jpg.rf.c68d1033ca6872d842c790dd499fb018.jpg,640,640,Japan,177,207,522,464
download-6-_jpg.rf.c5f1bb8c4b5d0b7b163e36cad8f963c4.jpg,640,640,China,193,164,471,559
images-17-_jpg.rf.c792371d3e68ce7422151a850ed02900.jpg,640,640,Russia,268,58,371,541
download-2-_png.rf.c68e7ff942c1a451f044474a9fdeeaaa.jpg,640,640,Canada,0,0,640,640
images-7-_jpg.rf.c6976292444c400ebdb4e770b571095a.jpg,640,640,South-Korea,326,434,442,542
images-22-_jpg.rf.c8669539d3c6eb191cd2d82f04d05f8b.jpg,640,640,Germany,286,178,485,542
images-11-_jpg.rf.c8cea75f9c931358e38264f1fc3d9d7f.jpg,640,640,South-Korea,142,215,240,548
images-26-_jpg.rf.c8fd9eedda6307a728c9ba8e5898c414.jpg,640,640,Japan,119,193,592,477
images-2-_jpg.rf.ca24faefeca947b6f930858fec013ac8.jpg,640,640,Germany,115,75,535,379
images-18-_jpg.rf.c80dae987d9f86d5599dce035b3d80aa.jpg,640,640,Germany,66,72,608,544
images-12-_jpg.rf.bf1d0936e22431f3e6d9a2a374c67080.jpg,640,640,Canada,114,121,557,478
images_jpg.rf.cc476167c11dc446bed0169a75873688.jpg,640,640,United-States,0,19,626,543
download_png.rf.c597bccd2f71f55eefad95b93827b006.jpg,640,640,Pakistan,0,0,640,640
images-1-_jpg.rf.cba0bc0aeac8b3f8d6ea308df0c05c66.jpg,640,640,Germany,268,245,420,361
download_png.rf.c8b9fd4649f8a8b389d52851cd63d0e2.jpg,640,640,South-Korea,135,211,528,446
images-15-_jpg.rf.cc3cf251d2bf11ebd190ebaedc79de42.jpg,640,640,United-Kingdom,277,0,640,404
images-3-_jpg.rf.cd1cbd66ba1dc237ba631bb17d753367.jpg,640,640,Germany,86,23,578,594
images-14-_jpg.rf.ccda42aa3430468f472e37f36e3bb024.jpg,640,640,Pakistan,270,195,379,363
download-1-_png.rf.bda779d009576a34fd0ad4195776471b.jpg,640,640,South-Korea,0,0,640,640
images-6-_jpg.rf.c4c6c7c4b9777781053524ab344a4127.jpg,640,640,India,144,173,510,412
images-22-_jpg.rf.cdac06265b4560f4030e2f6d424869a3.jpg,640,640,United-States,422,151,566,425
images-10-_jpg.rf.cffad116c454263f53d1894eaaf231c2.jpg,640,640,Germany,199,181,545,486
download-1-_jpg.rf.ce810e882b9d33889fb1bbd095d035b6.jpg,640,640,India,374,117,567,387
images-10-_jpg.rf.ced1554d72fa6f26ab77ef3ca9254ef6.jpg,640,640,South-Korea,222,21,530,531
download-3-_jpg.rf.cec7af3cf635e30131842369658aa724.jpg,640,640,Russia,98,59,530,487
images-8-_jpg.rf.d0585f68d130ae5fe3f777cddeaa8ced.jpg,640,640,United-States,152,196,411,507
download-5-_jpg.rf.d0843b88de31fb3f91ceab3591f7eab9.jpg,640,640,Japan,104,118,540,592
images-1-_jpg.rf.d058e47a93cdae054129e58f060e064f.jpg,640,640,Germany,220,279,372,395
images-24-_jpg.rf.d2c895445dac484f15b2c960f0d56c79.jpg,640,640,India,111,87,481,474
download-5-_jpg.rf.d068dc68becbe14eea8be7327128a0ac.jpg,640,640,Canada,87,79,584,521
images-14-_jpg.rf.cb804acfc82ac62047c565614bece514.jpg,640,640,Russia,124,124,594,500
images-6-_jpg.rf.d3c464e1f88bea81f889b45f592e781b.jpg,640,640,Canada,232,108,392,435
images-2-_jpg.rf.cd7d01760ff5abaf7313d27584b2edb3.jpg,640,640,Germany,81,239,537,591
images-27-_jpg.rf.d0bd650a8e16e270eecfb2c2277a2ac5.jpg,640,640,Pakistan,0,109,559,415
images-6-_jpg.rf.d501a9ce03fca7ff2a9dd2e719de2298.jpg,640,640,United-States,168,196,428,499
images-15-_jpg.rf.d169458eeb187ec1ce0ab95662114846.jpg,640,640,Japan,97,152,532,339
images-16-_jpg.rf.d29302689dc2bf549f91a2da13fb8c50.jpg,640,640,United-States,14,109,494,484
images-4-_jpg.rf.d61506102cacb2218727bc899ebd685a.jpg,640,640,United-States,16,136,420,363
images-5-_jpg.rf.d54dcac69dfce567fb4b8f0aeeaacde4.jpg,640,640,Russia,142,145,521,577
images-16-_jpg.rf.d69d1d1d6c4c14ab9779a9995108ed7c.jpg,640,640,Russia,175,112,503,490
download_jpg.rf.d3c149894c70d2165e660510fca0cab1.jpg,640,640,China,38,79,622,542
download_png.rf.d9c62449d7521d9a245c44649336a77c.jpg,640,640,United-States,0,0,640,640
download-3-_jpg.rf.cc82484d43f9527812c0537acf528090.jpg,640,640,Pakistan,73,330,243,457
images-23-_jpg.rf.d1242c808284160188ada5d072ec4791.jpg,640,640,Russia,282,263,470,504
images-2-_jpg.rf.d602da721788cb8bdc1c650d1d77217a.jpg,640,640,Russia,62,64,470,509
images-15-_jpg.rf.da709529e2cb6b8c79f545d9057b7cf1.jpg,640,640,South-Korea,318,48,617,312
images-4-_jpg.rf.d6cf784efa52bb4813927042747d3410.jpg,640,640,China,182,116,511,483
images-1-_jpg.rf.d54565be6a930c4887480941f6a66530.jpg,640,640,Russia,142,122,550,485
images_png.rf.d7b26a19580f64585ec38a38e1f8a359.jpg,640,640,Canada,0,147,601,572
images-14-_jpg.rf.dbcc773a6363b5b862cbc27a47ee4980.jpg,640,640,Canada,261,119,612,483
images-20-_jpg.rf.d7c7f3d202f1803ba5c0445e5bcd12ee.jpg,640,640,Japan,281,217,450,585
download-2-_jpg.rf.db81e0eac1336aa1af43e7f5195519c1.jpg,640,640,Germany,20,179,640,630
images-19-_jpg.rf.dc45a1f81e6e92953dc54ca5bc6f41f8.jpg,640,640,India,405,324,616,579
images-11-_jpg.rf.dac42a6577c37a6c59e8325ed6bad397.jpg,640,640,Russia,0,0,640,640
images-31-_jpg.rf.d71f918add10a4cc4572bda856238123.jpg,640,640,Pakistan,216,139,501,402
images-25-_jpg.rf.dd12971f33eb5ec65d6ac2682a2d1d7e.jpg,640,640,India,55,167,221,583
images-3-_jpg.rf.dcef60109e84a9c68de1549e479479d9.jpg,640,640,United-Kingdom,307,207,501,472
images-29-_jpg.rf.dd739c540be5bae6f84da4964d931228.jpg,640,640,Russia,191,195,324,507
images-12-_jpg.rf.de3eca50a234d1a2b1e44d99bec373e4.jpg,640,640,Pakistan,94,85,483,543
images-3-_jpg.rf.dd4291babb8a0df6be612ed4e6361635.jpg,640,640,Japan,162,268,366,457
images-2-_png.rf.dcf89fe01ac3003e78c5a850c628075c.jpg,640,640,United-Kingdom,111,162,619,468
images_png.rf.dda147b6e32a72b06aa59514bce6f2f8.jpg,640,640,United-States,0,0,621,640
images-5-_jpg.rf.df80d7146abb3c973a8506b76835432e.jpg,640,640,Japan,189,219,509,442
download-2-_jpg.rf.df97635b727c4649c8dec1bf5272d91d.jpg,640,640,Canada,0,0,640,640
images-19-_jpg.rf.dfa205f9df33764a42f3496085ad58eb.jpg,640,640,United-States,69,110,311,399
images-19-_jpg.rf.dfa205f9df33764a42f3496085ad58eb.jpg,640,640,United-States,162,403,350,602
images-11-_jpg.rf.de75030b66e115e0ae63e72845298757.jpg,640,640,United-Kingdom,258,359,489,543
images-27-_jpg.rf.e065c51146fe4db5baeebbc37deb3892.jpg,640,640,Pakistan,85,163,596,361
images-6-_jpg.rf.e02e64a94fcb8dabe007d69101e3dd57.jpg,640,640,Japan,73,137,544,514
images-12-_jpg.rf.e054bc4c54b71286e0945c5bf5f2cc61.jpg,640,640,Russia,176,130,493,474
images_jpg.rf.dfa7c8c9240a73c65108db5240a89b33.jpg,640,640,Japan,224,188,449,491
download-4-_jpg.rf.e2f51bd4b938bd796bc7174493871ad2.jpg,640,640,United-States,147,123,390,430
images-17-_jpg.rf.e303c8754db4701880ad34a7d850329e.jpg,640,640,Germany,147,135,445,581
images-10-_jpg.rf.e088b4b19b5562b3b924c8f674764473.jpg,640,640,India,83,88,310,640
images-16-_jpg.rf.dd48faba819ef6ce175fb52518700caa.jpg,640,640,China,184,2,609,591
images-23-_jpg.rf.d4b8ebea652836dd5dcce59244637831.jpg,640,640,Pakistan,236,125,508,368
download-4-_jpg.rf.e39cc74afecc971faec156d9e79a7254.jpg,640,640,China,194,486,298,624
images-9-_jpg.rf.e367ea8e3dbd2baa0d859069ab916627.jpg,640,640,Canada,187,338,417,580
download-1-_jpg.rf.e0a1cd10ffa155bf7a6f8eaa46ad3855.jpg,640,640,Japan,269,68,459,355
images-3-_jpg.rf.e3b59be8c35f62f8bd23a7d3810011d8.jpg,640,640,Russia,167,63,567,379
images-15-_jpg.rf.e3a1dadd9ee95d952c5ffa322158d831.jpg,640,640,South-Korea,360,99,603,305
images-1-_png.rf.e4d03cc43c8a5ee338a86de8d9295568.jpg,640,640,United-States,135,165,558,490
images-18-_jpg.rf.e0dd3f4f4c6b371c8914faa8d0ad31ee.jpg,640,640,South-Korea,108,127,375,356
images-24-_jpg.rf.e3fddad54af9bfcf4b13a2993d2823ce.jpg,640,640,Canada,208,194,519,399
images-1-_png.rf.e560aebe9dfe48374abb737576a8ab2e.jpg,640,640,Germany,107,230,519,506
images_jpg.rf.e4f324e59a35b59b2583be27fac30a3c.jpg,640,640,China,66,132,584,482
images-15-_jpg.rf.e10ca68f4d5e770cc69b8eaf6a216dee.jpg,640,640,Canada,243,226,479,412
images-14-_jpg.rf.e575de5a76fc53ca6327ae141fa2aa37.jpg,640,640,Germany,190,131,482,519
download-2-_jpg.rf.e3f119d8be2228f39fdd3845f1c4f7d9.jpg,640,640,Russia,20,72,557,536
images-23-_jpg.rf.e16840b059f01d86cd72ea746d6963a5.jpg,640,640,Pakistan,211,118,512,388
images-7-_jpg.rf.e5d9e50e7eb56a4e7720a5de8bfebf83.jpg,640,640,India,222,167,516,407
images-20-_jpg.rf.e60c1fd49c9eeff2f09b726b56f1eba9.jpg,640,640,Pakistan,406,203,631,497
images-4-_jpg.rf.dc8fcdc142b3d9c333662e4c585e3b3b.jpg,640,640,South-Korea,394,194,519,543
images-6-_jpg.rf.e5cd7296bc5320ffb6db31073a8b10ec.jpg,640,640,Russia,94,121,565,525
download-1-_jpg.rf.e6bc6cb51c293facb1717bd2514a829e.jpg,640,640,Japan,264,252,475,564
images-31-_jpg.rf.e9c7e9a36d50869a5612d74c4ff60c87.jpg,640,640,South-Korea,297,262,462,449
download-1-_jpg.rf.e6a3ca7c41c2c756441e506fa6aa849f.jpg,640,640,United-States,46,74,594,591
images-2-_jpg.rf.e5f7b48458505fd3a9553189513d02af.jpg,640,640,Pakistan,67,124,525,521
images-14-_jpg.rf.e906e170f364f135b8109f2747e1b2d4.jpg,640,640,India,121,126,447,483
images-1-_jpg.rf.e8832fd06e08762ea1a1e39081b50099.jpg,640,640,Japan,128,129,453,346
images-15-_jpg.rf.e82d2191d43ee87403ee329d4ba758d2.jpg,640,640,Japan,89,293,535,497
download-4-_jpg.rf.e9cf79cd09f8a6a7474fe96708aed2a6.jpg,640,640,Pakistan,0,0,581,640
images_png.rf.eb37229d2fbccabf2905f710e10fe6ed.jpg,640,640,South-Korea,77,165,540,587
images-17-_jpg.rf.e884435a02bba2a97c62b59a4a075dbd.jpg,640,640,Russia,225,86,362,573
download-2-_png.rf.ea51c6bce83397471a7a2bb3983699bf.jpg,640,640,United-Kingdom,2,295,397,640
images-16-_jpg.rf.e622e463e7c2bc5b957fb811f4019c04.jpg,640,640,Russia,194,127,477,469
images-5-_jpg.rf.eb1e485b77acb2e331c166d1894243ab.jpg,640,640,Russia,190,177,497,555
images-3-_jpg.rf.e669607167f5128c957723b839e8f331.jpg,640,640,China,386,204,514,448
images-3-_jpg.rf.e12886cc832a58a346c1aa7d10a96d9e.jpg,640,640,United-States,277,193,536,408
images_png.rf.ea728012758d89789f42038968569d08.jpg,640,640,South-Korea,127,61,606,496
images-31-_jpg.rf.ec6b141a97a9563b3b00049e0328ef14.jpg,640,640,Pakistan,194,109,510,399
images-18-_jpg.rf.ebdaba212e1502eb9197bc487ca6a489.jpg,640,640,China,372,121,560,420
images-13-_jpg.rf.eaffb6ef56d322f5b3ebf369674794fa.jpg,640,640,Pakistan,180,300,519,554
download-2-_jpg.rf.ed069e3fc7957c34f5d5760addaab432.jpg,640,640,Russia,62,77,638,597
images-20-_jpg.rf.edf15ea6d130c9ba9ea25ca3e1bf370d.jpg,640,640,Germany,141,202,541,466
images-34-_jpg.rf.eebe669202593c7fc274542785a7dc5b.jpg,640,640,India,149,82,491,452
images-28-_jpg.rf.ed8f292e1e9d2e89f980720a0d933aae.jpg,640,640,Japan,193,191,524,520
images-11-_jpg.rf.effc44b891a2b38037622b19f627471c.jpg,640,640,United-Kingdom,269,85,500,262
download-1-_jpg.rf.ef5ec31fc2f694c9d46d8d71277f0d3b.jpg,640,640,United-States,29,8,627,578
images_jpg.rf.f0af0df792ae9951658ba46d241e91ee.jpg,640,640,United-States,0,53,640,544
images-2-_png.rf.ef0c393fd90201c87c02bf8ddfcbfcff.jpg,640,640,United-Kingdom,137,198,590,427
download-1-_jpg.rf.f1bb81cb96c891d54a3bea6fde4383c5.jpg,640,640,South-Korea,250,173,428,446
images-13-_jpg.rf.f03fc542c25767c86130673b43609d34.jpg,640,640,South-Korea,145,279,337,450
images_jpg.rf.ea2270673362a5ebcabb90252f40b9aa.jpg,640,640,United-States,0,49,640,585
images-21-_jpg.rf.f1bc3c747534581a75fa54603adf4d7c.jpg,640,640,Pakistan,224,309,426,462
images-7-_jpg.rf.eba1c231d6c2ac02e0fd47cd9ca4e204.jpg,640,640,India,148,161,435,382
images-6-_jpg.rf.f1e1f09096e4719b4e5e656f3bc0cb8e.jpg,640,640,United-States,114,165,592,445
images-11-_jpg.rf.ee3bb904ff5229e3c0f73c75e865901a.jpg,640,640,Russia,0,0,579,640
images-8-_jpg.rf.f28f6736e23a4b03f8cca1a5cbef945a.jpg,640,640,United-States,92,133,591,518
images-3-_jpg.rf.f1c55ce93aefbdc53e8802fed14ad11e.jpg,640,640,Russia,51,240,471,580
images-13-_jpg.rf.f14e052e7e60d80980e8b7cd8dc950bb.jpg,640,640,Germany,85,97,510,338
images-9-_jpg.rf.eb3ee610b3e11f154719d4d1ec3268bb.jpg,640,640,Japan,95,137,490,561
images_jpg.rf.ef51346ccc15177e11f5c5adb378957f.jpg,640,640,Japan,219,190,452,504
images-25-_jpg.rf.efb9556ac26793514a238bab4d9796b4.jpg,640,640,Russia,140,170,551,483
images-27-_jpg.rf.f2930fa9c20bd12e831105458397a74f.jpg,640,640,Russia,134,296,306,456
images-16-_jpg.rf.f2be6ae1e7a4dd83598b0bb551e33969.jpg,640,640,India,161,138,474,447
images-12-_jpg.rf.f35a93a2f0a42ffa2031d464b29785e6.jpg,640,640,China,176,146,558,534
images-23-_jpg.rf.f39e5fbb1d77565e0b7220f618b02088.jpg,640,640,Germany,83,61,491,509
images-15-_jpg.rf.025e3299e334c360c1151516b2a91b5c.jpg,640,640,China,319,240,613,554
images-26-_jpg.rf.0383b5d3e1752c98b9bd67f4a1032a4c.jpg,640,640,India,286,199,516,537
images-11-_jpg.rf.007f98cfcf91bc7ab7d93a04f11b9bb1.jpg,640,640,South-Korea,135,209,244,546
images-28-_jpg.rf.0031379bf5da0e6f30f6d17943ba6e2e.jpg,640,640,South-Korea,265,181,434,481
images-21-_jpg.rf.014253e3b4ee15e5193d8d94e4c3a714.jpg,640,640,China,376,125,563,540
images-2-_png.rf.046d3b4ecf06852c299cedb572fd1e1d.jpg,640,640,United-States,71,124,183,203
images-2-_png.rf.046d3b4ecf06852c299cedb572fd1e1d.jpg,640,640,United-States,262,131,384,193
images-2-_png.rf.046d3b4ecf06852c299cedb572fd1e1d.jpg,640,640,United-States,297,462,354,598
images-2-_png.rf.046d3b4ecf06852c299cedb572fd1e1d.jpg,640,640,United-States,105,460,168,580
images-28-_jpg.rf.03a8d05432f6989fbde293032cdeccff.jpg,640,640,South-Korea,238,160,350,440
download-5-_jpg.rf.0533dddf9d355a344e874da0c5fabcfb.jpg,640,640,Japan,146,90,508,493
images-9-_jpg.rf.05fc1c35c2119eace6e679b88c456b83.jpg,640,640,United-States,341,200,475,581
images-11-_jpg.rf.052f63825b85f3456c10d32552350c3e.jpg,640,640,Japan,170,137,436,432
images-9-_jpg.rf.018dac31be165c57bada47c67d46ebe5.jpg,640,640,Germany,78,33,470,540
images-6-_jpg.rf.05e6e36073bdb7851acfbf24d864abf4.jpg,640,640,United-States,179,115,515,483
images-4-_jpg.rf.02c0271d8b7ec63cf3ff3729aa309b58.jpg,640,640,India,162,236,451,473
images-25-_jpg.rf.01d8c36abce6cfc00b14c26054fca02a.jpg,640,640,China,119,152,574,640
images-2-_jpg.rf.06e3747af392242b8928525d35129a86.jpg,640,640,United-States,85,143,511,501
images-21-_jpg.rf.07e07749d87d0a5450710995e100872f.jpg,640,640,United-States,316,118,462,428
images-1-_png.rf.081583f6357c26352624e6e852bb901b.jpg,640,640,United-States,113,155,499,442
images_png.rf.021091db9f888c5cb3ae631e61cafe43.jpg,640,640,Japan,365,308,609,419
images-24-_jpg.rf.08b7bbb4e57f5590c728d7d822d04b39.jpg,640,640,Germany,133,0,506,549
images-1-_jpg.rf.069da2c5b8cc9fcb43bf00dfc855efa9.jpg,640,640,South-Korea,131,191,331,307
images-1-_png.rf.036627089104cea509a20377f4b40c1f.jpg,640,640,United-Kingdom,27,89,640,497
images-22-_jpg.rf.08be78f0e1a95a805cb54a6221672584.jpg,640,640,India,65,10,538,588
images-25-_jpg.rf.07964e9788c4ba3b8ef1c8cf2d501121.jpg,640,640,Germany,139,238,297,430
images-30-_jpg.rf.0be3fbfb4dc9e781e52e887693c9a9fa.jpg,640,640,South-Korea,107,129,464,565
images-21-_jpg.rf.0656985ce8671e4d54607677f43b34fe.jpg,640,640,Germany,122,39,481,368
download-1-_png.rf.0de8a65238559cbe0a1ac1a2522685e0.jpg,640,640,South-Korea,16,18,640,637
images-34-_jpg.rf.0e2560d5b613429ba29552a7d906d888.jpg,640,640,India,129,143,534,576
images-18-_jpg.rf.0e3e1ca3745153f19cba47f8df2780f4.jpg,640,640,South-Korea,274,120,601,412
download_png.rf.0eaa5a5e0b0798267c44fbe251389d8e.jpg,640,640,United-States,0,0,640,640
images-12-_jpg.rf.0eab27f6ffb74bd8385f49150e33057d.jpg,640,640,South-Korea,119,71,618,428
download_png.rf.09df2daddc8b0a687cc7e2f4e54d0ec4.jpg,640,640,Pakistan,2,6,640,640
images-20-_jpg.rf.09c4510b506440b10ec7ac6dce80bf70.jpg,640,640,Russia,48,189,277,404
images-1-_jpg.rf.0b412dd1f475f45eb7c92573bc33821e.jpg,640,640,Canada,168,200,519,489
download-1-_jpg.rf.0e9f24a1fc6d24dee2bd5b03402cf1ec.jpg,640,640,India,148,283,357,559
images-2-_jpg.rf.0fc3e527bfe56be2fc711f450fcba72e.jpg,640,640,United-States,173,158,568,461
images-18-_jpg.rf.0fc518c963099c16cb994c64bc677d0d.jpg,640,640,Japan,145,270,462,424
images-19-_jpg.rf.0f98f3a28d3d7e571b1d76d361919543.jpg,640,640,Germany,124,125,482,515
images-18-_jpg.rf.111d947ebaeafab47e68c4432bae473e.jpg,640,640,Russia,20,111,482,394
images-20-_jpg.rf.0b414f6e8ed73cdbe716794e0273804b.jpg,640,640,Japan,239,249,366,574
images-22-_jpg.rf.0e9d4e40ac36f77bc2a74a1ce6328dee.jpg,640,640,India,133,78,561,612
images-21-_jpg.rf.11837beb63f1305e9515b86605c8f42c.jpg,640,640,Pakistan,201,298,418,468
images-27-_jpg.rf.0fd2d86177b289588cfd9d6afa05878d.jpg,640,640,Russia,296,279,479,452
images-23-_jpg.rf.11efef39ecf116fee6dd62d056c8efe1.jpg,640,640,China,199,184,558,616
images-23-_jpg.rf.0d6685dc496ac5539a6edb0a392f2681.jpg,640,640,China,237,63,555,462
images-5-_jpg.rf.13f7e348db5d0218654ff1d488d0a001.jpg,640,640,Germany,378,203,562,421
images-6-_jpg.rf.13d9c87959033a6e34408f57b32c7c8b.jpg,640,640,United-States,105,200,527,443
images-27-_jpg.rf.12f49343673a5249001567c8c9699115.jpg,640,640,Japan,232,193,411,500
download-3-_jpg.rf.1480f719b7708f34509ff22bf1a42e16.jpg,640,640,Pakistan,110,217,257,324
download-4-_jpg.rf.111e61e1967715a65cc3251cdfc9434e.jpg,640,640,Pakistan,0,0,599,640
images-21-_jpg.rf.155b76901a1157fbf1106ee667649628.jpg,640,640,China,45,77,303,521
images-17-_jpg.rf.14ad701708d27e96c79269c0697184b3.jpg,640,640,United-Kingdom,141,332,342,522
images-11-_jpg.rf.15a37015498285087e4e54e6aa9e2472.jpg,640,640,India,140,167,374,424
download-5-_jpg.rf.17246c6bc4e841df924d4ba96ef25e38.jpg,640,640,Pakistan,83,63,604,435
images-6-_jpg.rf.16c95a27848562ddd54f927958d7eae4.jpg,640,640,Japan,122,157,544,484
images-15-_jpg.rf.1554b10d44d2295c31e3d34a6c958569.jpg,640,640,Japan,72,87,568,335
images-8-_jpg.rf.1953a22328fecbbecccfe2b238be81bf.jpg,640,640,South-Korea,144,169,550,416
images-18-_jpg.rf.1955ab6039ab66a55d56d76e5275260c.jpg,640,640,Pakistan,79,78,521,544
images-3-_jpg.rf.1963ed2f211d2e70f474662ceb41ab01.jpg,640,640,United-States,94,205,363,429
download-2-_png.rf.152280877c030c607142d5a09cb9f963.jpg,640,640,United-Kingdom,7,0,323,325
images-5-_jpg.rf.19e26b5bddebd78888d314aa856736ba.jpg,640,640,United-States,129,158,466,533
images-3-_jpg.rf.1964099aa32a3e8d0de5291caadd569d.jpg,640,640,Canada,7,15,640,640
images-5-_jpg.rf.199fd3d4fff29716cd1f51b5dea65b40.jpg,640,640,United-States,156,99,525,508
images-2-_jpg.rf.1a173a623704db33a05f59111351da81.jpg,640,640,United-Kingdom,0,98,611,532
images-10-_jpg.rf.17c4fe30aa9f706a023db07bec3d5ac1.jpg,640,640,Germany,172,159,572,526
images-6-_jpg.rf.1a224bf15e170f225b9c59f79fbe72a3.jpg,640,640,India,112,125,527,434
download-2-_jpg.rf.18e492fe400f0815cc02d842c7d87577.jpg,640,640,China,229,314,494,460
download-3-_jpg.rf.1d4f523d56a24327a0fe6ea0d0a80a6b.jpg,640,640,Pakistan,70,274,251,421
images-20-_jpg.rf.1e194939a9f4f38a2b616e0ebe06eb13.jpg,640,640,Japan,221,228,424,593
images-11-_jpg.rf.1ab536dcb34a9034256e35c33b156f55.jpg,640,640,China,146,162,596,420
images-29-_jpg.rf.1f1dff4c1fe45ce3f7f3c71bc94d39d2.jpg,640,640,Russia,207,156,319,448
images-24-_jpg.rf.1fa68e25043720791ddf2552dea59f5a.jpg,640,640,Canada,184,241,479,432
images-18-_jpg.rf.1ea321c0248717bf8f3b3db6cff78ac4.jpg,640,640,Germany,39,65,640,640
images-23-_jpg.rf.218301b907acddc7dee6b065e5451019.jpg,640,640,China,253,188,534,557
images-6-_jpg.rf.20850753fb3006b6b5fb1c39f65d3781.jpg,640,640,Japan,83,98,583,527
images-13-_jpg.rf.1d80e873da0c97de07b0e846089e5281.jpg,640,640,Pakistan,184,130,473,318
images-5-_jpg.rf.21128d2b3ccd5b9db2ae1d340baf5d07.jpg,640,640,India,144,66,519,544
download-4-_jpg.rf.2227aa3400ec64c386fd82a91d570ead.jpg,640,640,United-States,215,101,488,444
images-15-_jpg.rf.1bbca071547c8ae649bdf47a1a3f318a.jpg,640,640,United-Kingdom,0,0,374,423
images-25-_jpg.rf.1a93bfa4f287b5f098da1b2294d3d41e.jpg,640,640,South-Korea,275,12,640,542
images-19-_jpg.rf.1f20490a2db72f74b01b3b02c27a24b3.jpg,640,640,United-States,54,243,351,588
images-19-_jpg.rf.1f20490a2db72f74b01b3b02c27a24b3.jpg,640,640,United-States,113,12,341,252
images_png.rf.1f696b846f9947d0e0cbae3050962ff3.jpg,640,640,Germany,126,46,514,507
images-1-_jpg.rf.1fab95f69c6239e1318a81e0f4b77348.jpg,640,640,United-States,184,162,414,504
images-23-_jpg.rf.22135675fc71acb94e1fd10823c1924c.jpg,640,640,South-Korea,313,88,516,409
images-29-_jpg.rf.22c2752c4b2307fc1cb443c3e0234559.jpg,640,640,Pakistan,194,110,467,621
images-3-_jpg.rf.239f966aae61e481ef697b8947217462.jpg,640,640,Germany,7,17,596,640
images-15-_jpg.rf.1e3b950cff843d58e1779f54a840ea87.jpg,640,640,South-Korea,374,312,640,567
images-17-_jpg.rf.23ad3214632daeafe6cd6697fc0c117e.jpg,640,640,Germany,189,155,417,564
images-13-_jpg.rf.2421fba089759dee178d536a05c7fcec.jpg,640,640,Germany,106,312,551,565
images_png.rf.2225775b84c16a3ed46eac693de0812c.jpg,640,640,Germany,163,136,510,555
images-17-_jpg.rf.2552fae9d4923096dc3f5dd36571315e.jpg,640,640,India,111,126,445,501
images-8-_jpg.rf.23b026e6e0cba33737eb5a3a2189bd21.jpg,640,640,United-States,0,72,576,590
download-1-_jpg.rf.27151a3ad0c837376af01766b2d7a246.jpg,640,640,Canada,0,0,640,640
download_jpg.rf.2776acdda789376e59eaa0bfdb05fff1.jpg,640,640,United-Kingdom,0,50,599,540
images-21-_jpg.rf.1b7c6fb9781963012a5c5a11322f2427.jpg,640,640,India,207,280,368,470
images-9-_jpg.rf.278b2e651621d7bc9be73ea97d0bd57d.jpg,640,640,Japan,185,105,505,459
images-5-_jpg.rf.2821600ff4df887804658eaa63039a6a.jpg,640,640,China,90,301,422,568
images-1-_png.rf.2575e1040e9619ee828413ee25db99ea.jpg,640,640,United-Kingdom,0,116,587,439
images-6-_jpg.rf.28e10e214b7dd6007db424e81ee141b7.jpg,640,640,Germany,116,10,613,518
images-2-_jpg.rf.296eee828e6016f46a47e534befecad7.jpg,640,640,Russia,180,166,515,542
images-15-_jpg.rf.2b2239252f01d7727e1cc3f7b5b653ff.jpg,640,640,China,62,143,291,395
images-16-_jpg.rf.2b05e918cdb2013705563260b9bbf231.jpg,640,640,United-States,36,112,482,448
images-16-_jpg.rf.29a650b1ac39e61c474f64666d3c14a8.jpg,640,640,Russia,150,147,503,554
images-12-_jpg.rf.2a2b5350a8b5f8a2a5fcb520f1e14b5d.jpg,640,640,Japan,131,171,452,450
images-11-_jpg.rf.2b8515f9fea79f97771d641dbbd9a485.jpg,640,640,Japan,185,151,422,418
images-1-_jpg.rf.2ad26c614f7268c68efc4669daef6f3e.jpg,640,640,India,86,145,612,559
images_jpg.rf.29e7a87db7b6ed043bd471070e88a8b4.jpg,640,640,Russia,56,143,339,414
images-18-_jpg.rf.2d97a603b69cda369dd7765e5e70b05f.jpg,640,640,Germany,66,102,585,555
images-18-_jpg.rf.2a5f19e9663ea8bf08d665664dc763dc.jpg,640,640,Russia,142,231,640,536
images-22-_jpg.rf.29076c748c9c5c3dcecde479d0eab4f2.jpg,640,640,Germany,118,150,372,549
download-3-_jpg.rf.2bf6ebd4bb27bedc455b1b0797b6fcc2.jpg,640,640,Canada,223,510,410,604
images-17-_jpg.rf.2aa2fcd25298c74cef114636d5fd04a8.jpg,640,640,South-Korea,114,194,593,491
download_jpg.rf.295419957a96810b6fbab7e498c6d3b3.jpg,640,640,Japan,0,0,640,640
images-14-_jpg.rf.2d1203fc4b2d98982cb00d71209641a6.jpg,640,640,Russia,39,129,510,505
images-24-_jpg.rf.2c49f24fdbe44c1b29a12628efdadd57.jpg,640,640,India,130,111,454,454
images-3-_png.rf.2d12d3c8308f2ec519e181f4c641741c.jpg,640,640,Germany,240,207,372,362
images-29-_jpg.rf.2a9064fb51bac8aa94be7ac9dc6386b2.jpg,640,640,South-Korea,367,176,640,418
images-12-_jpg.rf.2d9d8e61d87b303eadd70830986b4623.jpg,640,640,Canada,108,159,569,545
images-5-_jpg.rf.2f0eed999b271f896e6d91245064951b.jpg,640,640,Japan,184,210,515,449
images-27-_jpg.rf.2eef53f8b1a6da4fd3f28bfd356ea0fd.jpg,640,640,Germany,223,281,447,599
images-15-_jpg.rf.28890d1f35ac4f86045f62cf06ce48a9.jpg,640,640,Pakistan,97,223,421,565
images-13-_jpg.rf.2f483de121f05562549ac7ca370e17e3.jpg,640,640,Russia,75,96,561,444
images-10-_jpg.rf.2e4ae26a8d051709c36f64287b73e257.jpg,640,640,United-Kingdom,130,132,469,515
images-30-_jpg.rf.31caf69457c74a130eeffeb721aead01.jpg,640,640,Pakistan,102,134,400,374
images-18-_jpg.rf.32aefa12164f6fb1c98b3ee69e0ec807.jpg,640,640,South-Korea,253,115,576,410
download-2-_png.rf.2b0045c7e9b63ee48142795afc41e83f.jpg,640,640,Canada,16,0,640,640
download-5-_jpg.rf.301c10b27b38c3c84496f1c4419c3076.jpg,640,640,Pakistan,85,187,616,584
images-12-_jpg.rf.32740768eb7078b004d7acf549e7e8bb.jpg,640,640,United-Kingdom,271,112,390,252
download-3-_jpg.rf.31dcb93fe864455064d85ce63b62cc4b.jpg,640,640,India,339,226,553,522
images-11-_jpg.rf.3177979c24b7410f9b801cea263e16b2.jpg,640,640,Japan,168,170,451,486
images-30-_jpg.rf.3418e019a44cda0b5c1a9499c41d697e.jpg,640,640,South-Korea,92,78,514,573
images-1-_jpg.rf.2d71a4a04ba62467c345cfdf16a76413.jpg,640,640,Canada,131,171,549,544
images-13-_jpg.rf.35a94391ec8b74bfb041c6aea3039573.jpg,640,640,Pakistan,160,101,511,358
images-18-_jpg.rf.3732ab1eeae42c5753a461672b6ca34a.jpg,640,640,United-States,233,137,640,313
images-18-_jpg.rf.3a5264958fbdbb8a5038c1fcb09b7723.jpg,640,640,Pakistan,163,137,508,514
images-2-_jpg.rf.386fee92caa5f9a0292fd27455b8e8b6.jpg,640,640,Pakistan,72,134,594,607
images-17-_jpg.rf.30fa457d340baa3ef6d6d06cad135704.jpg,640,640,India,138,148,444,495
images-4-_jpg.rf.353230c10e283102d25e858ea4b4935a.jpg,640,640,United-Kingdom,0,0,640,640
download-4-_jpg.rf.3862527032faa3ef28d5ea5b747446ae.jpg,640,640,Canada,161,79,490,275
download_png.rf.37ad1716423e8e3a2afc87cf4692f485.jpg,640,640,Russia,0,84,640,640
images-23-_jpg.rf.392c70762f2b8b802eee31645e6744cb.jpg,640,640,Germany,162,123,550,552
images-2-_jpg.rf.3970b37b87ecf68beaa236c4da56cdd4.jpg,640,640,China,320,349,569,569
images-17-_jpg.rf.392ed6553c3fe320f141c795face277f.jpg,640,640,South-Korea,100,136,626,518
download-1-_jpg.rf.360206d35d3b46b423c6dc7240c8e7f9.jpg,640,640,India,145,124,289,348
download-1-_jpg.rf.37945d79f1a53e423b369d4c87ac0100.jpg,640,640,South-Korea,239,189,351,423
images_jpg.rf.3b21461097ae7c38bd4e424fb120b1d7.jpg,640,640,South-Korea,89,179,471,515
images-3-_jpg.rf.3679e03e00335953e9b971f2750f8238.jpg,640,640,India,185,293,477,522
download-2-_jpg.rf.346abfe443eb0deb6728294a3024a298.jpg,640,640,South-Korea,22,246,195,437
images-18-_jpg.rf.39b0137d6b16d21bad8dc768c797c1ae.jpg,640,640,United-States,3,341,413,522
images-31-_jpg.rf.3c23bb28d1512f91822d5827358c12ff.jpg,640,640,South-Korea,194,219,334,384
download-4-_jpg.rf.35e1f8b6f2447aa7fb45682b29e33b33.jpg,640,640,China,168,477,258,606
download-3-_jpg.rf.3c5002d835af6cf8272075330c0ac04b.jpg,640,640,China,103,104,470,570
images-1-_jpg.rf.3cfebc9d15410082c1ae86fe658bc64f.jpg,640,640,Japan,168,261,507,508
images-25-_jpg.rf.3c9397ad5f59b5b7cc111864f6cee1fc.jpg,640,640,Russia,127,148,588,512
download-6-_jpg.rf.3c6af4a3cf8403c8277db5c3a1831c9a.jpg,640,640,Canada,43,175,561,513
images-25-_jpg.rf.3fe7daa71be3e53ee87a24526dde6afe.jpg,640,640,Germany,154,228,278,395
images-4-_jpg.rf.4148f33ae136d227f12f20a78cd973a5.jpg,640,640,India,157,148,471,415
images-34-_jpg.rf.3e41cd9121602ceb6c21c48ce3fa709f.jpg,640,640,India,104,136,500,563
images-20-_jpg.rf.41c04005d3c38628ca4b5c486192e98b.jpg,640,640,United-States,235,118,383,490
images-14-_jpg.rf.3fa7e16bea6ed18c4fbe1a831db2e7d8.jpg,640,640,United-Kingdom,0,140,426,455
images-4-_jpg.rf.412e7c71a38807acd4f7374c14998b18.jpg,640,640,United-States,229,257,600,470
images-12-_jpg.rf.3ece99a5ffec571d51ed74c30018fcfb.jpg,640,640,China,119,158,454,497
download_jpg.rf.3c847ef589dc03183a2e30c3295e37f9.jpg,640,640,Japan,0,0,640,640
images-27-_jpg.rf.4296ea839f9ddf3f07e7d9cfb2af1139.jpg,640,640,South-Korea,436,95,588,385
images-2-_jpg.rf.4162582b1090c0e203e0fa955c445501.jpg,640,640,Canada,81,276,478,531
images-10-_jpg.rf.3fda3ed926d0321efd4281e2cf6f5ae2.jpg,640,640,South-Korea,152,75,402,538
images-5-_jpg.rf.37e37a92e646591cb4e70a80582c7e00.jpg,640,640,India,154,107,500,558
download-1-_jpg.rf.40311ebd15a59b76b1e41d3e28865547.jpg,640,640,Russia,41,70,605,548
images-10-_jpg.rf.422488f6e2244beea979000eec9a201a.jpg,640,640,United-Kingdom,206,164,462,480
images-6-_jpg.rf.4219ebea3471fedb00997a68c5a793eb.jpg,640,640,Russia,66,86,578,543
images-14-_jpg.rf.3f6bc11c7b86a5e7eadc1744b9368843.jpg,640,640,Pakistan,210,239,372,446
images-7-_jpg.rf.40af69b77490db43ff19e8e1ed2d1bc9.jpg,640,640,China,134,138,510,476
images-11-_jpg.rf.4367c61037ee8eac7a102b21b2ad0bcf.jpg,640,640,China,145,166,585,419
images-9-_jpg.rf.435365b000a0ff787158a89d96ee8cb2.jpg,640,640,China,162,132,580,526
images-14-_jpg.rf.4322e381a59b2ad103d4b99f99d27766.jpg,640,640,Pakistan,250,262,384,448
images-24-_jpg.rf.43eb1459904b426781633417a3c9b3cc.jpg,640,640,Germany,173,118,439,630
images-9-_jpg.rf.40291b937b3d66ab4db1eb9cc1739c77.jpg,640,640,United-States,315,168,497,595
images-6-_jpg.rf.43f49d7ff0f80d9b78f90e6d8c10d146.jpg,640,640,Germany,44,122,525,616
download-3-_jpg.rf.3e1a8a6d565a17e4bdfe1ca7b2f11e60.jpg,640,640,United-States,188,134,539,365
images-14-_jpg.rf.444233f4b40bd49f5b671de1f3ec8038.jpg,640,640,Canada,74,206,386,532
download_png.rf.41843f81cc69462fe553d9f5668a985f.jpg,640,640,Pakistan,0,0,640,640
images-18-_jpg.rf.43a890c7f85680f791cccd8ddd6b7eb9.jpg,640,640,Canada,69,131,609,544
images-1-_png.rf.447a8341dd816828453c22b89a501acd.jpg,640,640,Germany,117,139,515,398
images_png.rf.4639bd5a8c323d70d596fad10e431c68.jpg,640,640,United-States,76,50,556,580
download-2-_jpg.rf.4709f657dc8ad4cc2fa4edf4be0d819f.jpg,640,640,Japan,86,0,586,535
images-7-_jpg.rf.46ea87d566ebf72cf40b804c957fb0b2.jpg,640,640,South-Korea,202,446,336,573
images-22-_jpg.rf.473eb0b880105b0b62220ac5b21a0a56.jpg,640,640,Russia,89,122,561,451
images-7-_jpg.rf.467dd6d23f302da207dbadb9e98a6849.jpg,640,640,United-States,79,172,428,479
images-17-_jpg.rf.4910f013f47f55a8205291fd68b5a4d1.jpg,640,640,India,202,152,496,487
download-2-_jpg.rf.454e17938141684d3980f1ed8c290894.jpg,640,640,Japan,157,119,554,579
images-9-_jpg.rf.47ec01fb15676e47ca0411f18518bdde.jpg,640,640,Germany,116,0,640,632
images-14-_jpg.rf.47f25a433682e4c1b4bb0ff1c69a6ab8.jpg,640,640,Germany,146,105,523,552
images-2-_jpg.rf.48ad7742fa4755559566ac9c32968fe4.jpg,640,640,Germany,109,90,506,364
images-27-_jpg.rf.4884c3f66debbe7b93c3d42275569fb6.jpg,640,640,South-Korea,410,182,640,515
images-4-_jpg.rf.4761b7f060896e4026c936f44b81ea5e.jpg,640,640,China,96,91,485,520
images-6-_jpg.rf.47335d5715a207279ae1f7c43e2cf77b.jpg,640,640,United-States,80,167,541,468
images_jpg.rf.44c7fd2fd0cfa619bdc3cdadb656bd81.jpg,640,640,United-States,0,68,624,583
images-17-_jpg.rf.492e1ae09ea1800c8050a4d05d732c37.jpg,640,640,Russia,262,102,352,559
images-1-_png.rf.4912181056509ece48e98c7ffc6fbe00.jpg,640,640,United-Kingdom,65,171,591,428
images_png.rf.3d976a2c2b0f4cb26d19bffbca120da6.jpg,640,640,Japan,40,210,265,307
images-17-_jpg.rf.4a7bf7c7991ba26fc11ce8fda0195ea5.jpg,640,640,South-Korea,130,171,585,443
images-18-_jpg.rf.49e10896a55348908ad1e70d0f2e9fe0.jpg,640,640,United-States,237,142,640,294
download-3-_jpg.rf.49c4cce603f49d54f21254fd004381bb.jpg,640,640,India,77,130,303,428
images-12-_jpg.rf.4b16d498064f7aa4ef02cdf5ff62a792.jpg,640,640,Russia,135,126,499,511
images-27-_jpg.rf.4b194fa9ee54d1ca1a30c1b2e39f432e.jpg,640,640,Russia,167,193,325,341
images-9-_jpg.rf.4b748cd995779a44204eb3cfb6dc94c1.jpg,640,640,Germany,0,32,504,640
download-3-_jpg.rf.462a4587679e39dfdbbcf16c81360f78.jpg,640,640,Russia,109,60,544,494
images-8-_jpg.rf.4b5e26798c91f7d972b3967a946f1eee.jpg,640,640,United-States,255,203,466,478
images-4-_jpg.rf.4631cd5d34c6d3e9eae6e76c11108283.jpg,640,640,Canada,284,190,479,501
images-7-_jpg.rf.4b9c2682ec7fc1eb84f93d2189657b83.jpg,640,640,United-States,99,188,420,466
images-1-_png.rf.4c4c3e69d3388c8770c8183dd352bbe7.jpg,640,640,Germany,85,209,536,544
images-11-_jpg.rf.4c819990780accea360b2dcfb09328c1.jpg,640,640,China,105,115,612,471
download-1-_png.rf.4c09ac822a35746f23904e053456a352.jpg,640,640,United-Kingdom,136,484,404,640
images-2-_jpg.rf.4cc4c7b6712bf4610d675766b3e38df8.jpg,640,640,Pakistan,129,168,530,506
images-3-_jpg.rf.4d151ac1dbe04aa5de8e818a478dabcc.jpg,640,640,China,373,142,544,418
images-23-_jpg.rf.4d59e5b7e3a2e7557fcf32ce10cac979.jpg,640,640,Russia,292,151,430,354
download_jpg.rf.4daaa6935e9f3472874115093a18df54.jpg,640,640,South-Korea,122,157,499,563
images-1-_jpg.rf.4e3a71fc8c6b54d43c72216e62e15761.jpg,640,640,United-States,250,158,482,484
images-2-_jpg.rf.4ea32da7f90337c51bd2e966567d6d7b.jpg,640,640,Canada,143,295,530,549
images-1-_png.rf.4ecd39524bf85bf9515a7051085e491a.jpg,640,640,Japan,163,296,441,553
images-13-_jpg.rf.4ecde2fcb7da7ee76b2385491aed14f7.jpg,640,640,South-Korea,156,290,337,449
images-20-_jpg.rf.4ed82736eb4e8e76cdac1bbb0bc864b4.jpg,640,640,India,119,236,347,399
download-2-_jpg.rf.4f33c00591725a6062f10e34fb9ef206.jpg,640,640,Germany,34,186,640,634
images-13-_jpg.rf.4ffbadfbadefd6abb84b2a245f75ac3a.jpg,640,640,India,296,92,603,498
images-15-_jpg.rf.50e3c5925d42e7d00a54d91b8b27ddf9.jpg,640,640,India,86,159,500,608
download-6-_jpg.rf.515d47f68e623c01d86ae22fc02b635d.jpg,640,640,China,162,41,473,475
images-15-_jpg.rf.526e14463df1b2704a867f65877d90c2.jpg,640,640,India,126,96,454,461
images-1-_png.rf.531580cdbd67da848cced2b2453cd8f3.jpg,640,640,United-States,120,169,488,431
images-24-_jpg.rf.530d4ee05203b5300923ac3f0f890408.jpg,640,640,Pakistan,273,263,521,487
images-5-_jpg.rf.546f612d99da3ef7291b8145f6f07e11.jpg,640,640,United-States,187,116,487,453
images-28-_jpg.rf.5105bae815bd1aa0126a7becf2334fd5.jpg,640,640,South-Korea,262,153,428,469
images-8-_jpg.rf.53ad48eb43a3cb51184c0ce347c4e5a2.jpg,640,640,United-States,156,128,407,441
images-9-_jpg.rf.53c92e6b6914df1d8f9ae3db605698e0.jpg,640,640,Canada,209,108,395,307
images-1-_jpg.rf.4f63151597869c5c2329216d2efa409c.jpg,640,640,India,123,139,569,459
images-25-_jpg.rf.5480f19f00eddaf98375e4a578c76d22.jpg,640,640,Pakistan,431,304,612,434
images_png.rf.53625053ff00447331ea0dfd9e003cb9.jpg,640,640,United-States,526,324,625,430
images-12-_jpg.rf.551f1fb52ee1dbce100feac288ed22f3.jpg,640,640,United-States,217,189,403,552
images-18-_jpg.rf.550354597b91abb9a1789ab238b6caf1.jpg,640,640,Pakistan,124,89,542,532
images_jpg.rf.547e2ca10722dea654d3b8b6370634fc.jpg,640,640,Japan,224,167,497,518
download-2-_png.rf.55c6600786f1b7a06a7b2ee9c519b174.jpg,640,640,Canada,4,12,606,640
images-27-_jpg.rf.552547f50a6017f7dd89e49189e07f87.jpg,640,640,China,205,133,489,555
download-2-_jpg.rf.56dbe845c350f0150aca905d085d910b.jpg,640,640,United-States,147,126,505,543
images-13-_jpg.rf.56863aa9db23f3724fb60ecd564a440b.jpg,640,640,Germany,147,119,546,337
images-10-_jpg.rf.558199a9dbca55c642dae6798a137bc5.jpg,640,640,Russia,155,132,483,374
images-2-_jpg.rf.5879b3c04164d2e0a564885d7f6c8320.jpg,640,640,China,71,93,294,289
download_jpg.rf.5a1fcfc37d975b1009bf6a24476d9953.jpg,640,640,United-Kingdom,0,40,640,613
images-14-_jpg.rf.586caea13da783d5600daa92d2cd09c4.jpg,640,640,Russia,137,152,579,494
images-3-_jpg.rf.59165fea8389b9e21a54b1bf167f9bc6.jpg,640,640,Japan,263,173,460,354
images-23-_jpg.rf.5aa3b22d92e487ee665b9f6f14c3417f.jpg,640,640,India,176,115,508,523
images-21-_jpg.rf.5b02d6272b97088c2bf3fdb666b9ce2a.jpg,640,640,India,201,285,375,488
images-13-_jpg.rf.5a4bd8b1bf7a68d26afd449363bdb18e.jpg,640,640,Canada,293,271,523,460
images-22-_jpg.rf.5b5a58634130c0dac4ce8d304dcd7fd0.jpg,640,640,United-States,422,170,612,477
images-4-_jpg.rf.5a5848cf9f5067f612bfbfa18f1feb85.jpg,640,640,India,137,227,473,519
images-16-_jpg.rf.564c42a378eda1b80d80d6fa3c6389bd.jpg,640,640,Canada,130,61,582,423
images-20-_jpg.rf.56e81a081c1c5276bb8d0b5d733d62ea.jpg,640,640,Pakistan,48,94,291,400
images-10-_jpg.rf.5c9516bfe1dd0a1bc896a5db0e79b555.jpg,640,640,Russia,117,248,470,522
images-26-_jpg.rf.56ebe65dee5e7ca1ee289013b3a01994.jpg,640,640,South-Korea,348,106,408,588
download-6-_jpg.rf.5c33af79b57deffa623a36495fe406df.jpg,640,640,Canada,114,188,571,407
download-3-_jpg.rf.5de133afb7b3bfaa3ca96106e3001f3f.jpg,640,640,China,132,121,463,551
images-18-_jpg.rf.596d39a538c7bae1be82bdcf5a9eb838.jpg,640,640,Canada,41,107,552,498
images-12-_jpg.rf.5d520bc56164d9285703b32cd5c6d132.jpg,640,640,Canada,136,134,545,453
images-9-_jpg.rf.5a4e06b3d35944d988e43611fa9faf17.jpg,640,640,Pakistan,57,197,462,473
download-2-_jpg.rf.5de7f0d638e1a21b8eb0f5dbbda52eed.jpg,640,640,Canada,0,10,633,636
images-11-_jpg.rf.5eb4d21afa911dafe4607a9cab931254.jpg,640,640,United-Kingdom,303,366,504,506
images-4-_jpg.rf.5e8d583c850d6c89731374e5dd6d5dac.jpg,640,640,United-States,228,184,574,342
images-5-_jpg.rf.5e74fd1f1c9e4851a967f95b63a6f563.jpg,640,640,South-Korea,0,166,640,575
images-10-_jpg.rf.5e0b0b23a291c4173aadc27a31c58280.jpg,640,640,India,229,0,570,546
images-19-_jpg.rf.5f6e50c6f1ff098f201d77a0417c7872.jpg,640,640,Germany,188,167,454,475
images-7-_jpg.rf.5ebc3b0864b0c7b4c9af33a99a6759e4.jpg,640,640,Germany,176,153,444,361
images-12-_jpg.rf.5fbe3e2a8e0bde91edc70a10726e9324.jpg,640,640,Japan,168,162,515,464
download-1-_jpg.rf.5e812609cc3cfa759ef38c180f15e563.jpg,640,640,United-Kingdom,0,0,640,640
images-8-_jpg.rf.5a9d6552bf2d499152103d948d90c135.jpg,640,640,Russia,32,0,634,398
images-22-_jpg.rf.604b7937a543f8d834d958f425db8f78.jpg,640,640,Russia,52,84,579,485
images-12-_jpg.rf.603fdee1f84e247900d014b0a82c1b67.jpg,640,640,India,117,0,422,595
images-25-_jpg.rf.627c4a9512e894b331f12b64cf8f49de.jpg,640,640,India,37,148,232,575
images-7-_jpg.rf.630b74a6aaf159836d49fdc7b82415c9.jpg,640,640,China,99,127,531,530
images-12-_jpg.rf.624b0c99626aed032d914741d9ef30d1.jpg,640,640,China,76,126,489,544
download-4-_jpg.rf.62db533852180c01c88ca5845749e4be.jpg,640,640,Pakistan,0,2,547,633
download-3-_jpg.rf.5feeee746847427df566dd338c4ac76e.jpg,640,640,India,351,141,536,405
images-27-_jpg.rf.63394634b0feef3e9e76c29624ed5ae9.jpg,640,640,South-Korea,400,38,601,370
images-6-_jpg.rf.619399bcd62a380e5c85819eb05beb22.jpg,640,640,Russia,109,149,528,498
images-21-_jpg.rf.63c7b75041c3f9c807bc8405fdcbd7f8.jpg,640,640,Germany,232,265,552,547
images-2-_jpg.rf.6194f7aee4c71105929a06a49dfd8df8.jpg,640,640,Canada,118,315,465,502
images-23-_jpg.rf.5ee4f1e0b750d84643afb84bc55ff6ff.jpg,640,640,Pakistan,212,258,513,528
download-1-_jpg.rf.62638c2cd186340f4532fbc2c882ee5e.jpg,640,640,South-Korea,259,217,420,478
images-3-_jpg.rf.5b1d230be3428a7b996603c008bdf092.jpg,640,640,Japan,185,189,362,347
images-5-_jpg.rf.637b44f29bfda09a92755b9e514be40f.jpg,640,640,China,233,300,565,564
images-19-_jpg.rf.6423bb4bac7346b0b95b7e3554515086.jpg,640,640,India,21,70,238,330
images-19-_jpg.rf.622c5cebddb838f4036df8f9f778a2b9.jpg,640,640,India,379,84,563,310
images-21-_jpg.rf.65456e23d68165913af0cc7a17a9b2c8.jpg,640,640,Japan,201,222,377,445
images-24-_jpg.rf.640fe049a69eb41a6923102b9560ad66.jpg,640,640,Pakistan,126,156,405,416
download-3-_jpg.rf.5ed7717761704e2788733eff86b7aa08.jpg,640,640,Canada,251,0,472,133
download-1-_png.rf.59643609af1055b9dfe75785fb3e20ed.jpg,640,640,United-Kingdom,252,480,502,640
images-20-_jpg.rf.66f1194f6d785094d724cf9aa27a5c27.jpg,640,640,China,334,184,597,484
images-23-_jpg.rf.69b3fec7545a0cfc00c9d1e14997e746.jpg,640,640,India,177,167,432,505
download-2-_jpg.rf.6836fa3d01b455705215edc323695aa3.jpg,640,640,United-States,161,144,465,502
images-7-_jpg.rf.69dd4eb24eb2edd700213ce991731991.jpg,640,640,South-Korea,366,452,509,588
images-3-_jpg.rf.65e574bcaaca7b67ab730a7c84c6120d.jpg,640,640,Germany,115,55,544,567
images-15-_jpg.rf.69a1ae78710215b2e8eb120adb6aa89d.jpg,640,640,Germany,78,123,431,355
images-18-_jpg.rf.6769e818a68bbe75ecf77782c9bb3286.jpg,640,640,Canada,78,146,527,451
images-7-_jpg.rf.6c6fd49b219d6c8146767a846d56dd49.jpg,640,640,Germany,181,263,517,550
images_png.rf.655ef92054800958e5de4acb894a138e.jpg,640,640,United-States,9,0,613,633
images-3-_jpg.rf.6bd216ae92610d6d7a79fe3429b4c8ce.jpg,640,640,United-Kingdom,125,137,352,429
images-10-_jpg.rf.6c9f01ac42b846d24f56110e8e3b369d.jpg,640,640,Pakistan,139,184,584,503
images-27-_jpg.rf.663eb65315916d1cbbcbb291fea83b96.jpg,640,640,Pakistan,16,212,590,539
download_jpg.rf.6c29af17823e9e4214a3c1732c7a15d2.jpg,640,640,China,56,103,606,520
images-8-_jpg.rf.69f0b5c81b2fc23f7b1146dba0a70f73.jpg,640,640,Russia,27,0,608,338
images-16-_jpg.rf.69c57f2716c1b0b07d9440ae32d43035.jpg,640,640,Canada,31,0,598,452
images-6-_jpg.rf.6d49d9e83a2bcfac015e0839afb8743d.jpg,640,640,China,104,210,326,428
download-3-_jpg.rf.6ac459a0342014f5c7309cc445b6bdc6.jpg,640,640,United-States,162,264,558,550
images-4-_jpg.rf.66dc5abcbf38aafaf5a5641650033065.jpg,640,640,South-Korea,384,199,540,571
images-15-_jpg.rf.688788571a7d13fabbaf6b20e7031e96.jpg,640,640,China,29,192,334,517
images-1-_jpg.rf.683995fa7d54b902ac0ac6b3c88289fb.jpg,640,640,Russia,121,131,566,537
images-15-_jpg.rf.68333b5804b47a14c081ddb6e6327537.jpg,640,640,Canada,225,192,500,430
images-19-_jpg.rf.6a6fb4d7173c64376d6ecba7a2f778e4.jpg,640,640,United-States,77,108,307,388
images-19-_jpg.rf.6a6fb4d7173c64376d6ecba7a2f778e4.jpg,640,640,United-States,159,401,339,592
images_png.rf.698d4b95c7510cdf4b446d80c4fdb68b.jpg,640,640,India,145,12,573,459
images-11-_jpg.rf.68f5939a160c4cfc1e2d03346d90d88d.jpg,640,640,India,257,203,510,479
download-1-_jpg.rf.6ed22e04f9eb628976043c17d81d0e96.jpg,640,640,Germany,203,107,334,272
images_png.rf.6ec5b3a7183e83cbde0e882d7539224d.jpg,640,640,United-States,11,217,104,319
images-7-_jpg.rf.6fd87b1a9718df1f397fb41f44de02a7.jpg,640,640,India,157,197,403,379
images-23-_jpg.rf.6fb1fc2ad619b3d467e48c7cefbcd215.jpg,640,640,South-Korea,335,77,536,403
images-15-_jpg.rf.6ffabd038d1668a683777304c1ac2f56.jpg,640,640,United-States,260,59,455,176
images-15-_jpg.rf.6ffabd038d1668a683777304c1ac2f56.jpg,640,640,United-States,48,154,186,260
images-22-_jpg.rf.6f05426b7f9a70395e52ed44f2a0b35a.jpg,640,640,United-States,55,156,217,443
images-27-_jpg.rf.7066d8b9de85c55fedd846b9ef62e2e3.jpg,640,640,Germany,195,285,388,576
download_jpg.rf.7233359679359c2857f47b1547ec0904.jpg,640,640,Japan,13,4,640,640
download_png.rf.72c08843798431f2ba2c467544abd0ba.jpg,640,640,Canada,62,119,602,441
images-30-_jpg.rf.71db604d2f2efe2c315c9a186f6ef4d3.jpg,640,640,Pakistan,245,159,491,340
images-24-_jpg.rf.700a1a7596f8409ff46702a56a6bfaaf.jpg,640,640,Russia,119,152,617,562
images-7-_jpg.rf.726977e9020a5c2bdbc6469468308984.jpg,640,640,United-States,52,162,439,512
download-3-_jpg.rf.729be6f6dfef1f4ab1974af7314aa5b1.jpg,640,640,China,98,64,558,609
images-8-_jpg.rf.6ec900f885f01e31f5477b23b1a5e2a9.jpg,640,640,Russia,50,43,588,356
images-20-_jpg.rf.7375435eb54eabe5b5fdd0f54c5f9f66.jpg,640,640,Russia,60,236,278,442
download-2-_png.rf.7175005f3ca74fbe0e0c4220d7a4c04d.jpg,640,640,United-Kingdom,0,230,312,628
images-25-_jpg.rf.737da39cbce6bf3adfc074434f13f7e9.jpg,640,640,India,41,178,218,620
images-3-_jpg.rf.6e63c53ea2b0ee9880778e6534971359.jpg,640,640,Russia,140,96,478,339
download-4-_jpg.rf.72f10589057521b9442021223afde4e1.jpg,640,640,Canada,141,359,518,600
images-24-_jpg.rf.71f1394256600a5848b544d5db8d1b45.jpg,640,640,Canada,164,239,436,404
images-10-_jpg.rf.6f4a795348f0b59d3451dbc28d91f0ad.jpg,640,640,Germany,38,128,463,518
images-21-_jpg.rf.749949dfa6fb6c4cb636c51486c5c02e.jpg,640,640,Germany,224,108,506,352
images-22-_jpg.rf.74cf0110e30acae741b278dedca85b88.jpg,640,640,Pakistan,81,161,301,378
images-28-_jpg.rf.7512e61fc0d3f7e36b39eb45d1072e7d.jpg,640,640,Japan,147,166,511,526
images-3-_jpg.rf.753074a2885b3328c6d45351f308679e.jpg,640,640,India,170,131,483,392
images-5-_jpg.rf.77845cdfe50b3747463d74efff7da809.jpg,640,640,South-Korea,0,181,640,533
images-5-_jpg.rf.789cc0af0069b3f17898b748ff4eff9c.jpg,640,640,South-Korea,0,241,640,479
images-27-_jpg.rf.754e1e7959a22459b88a26cad9ff4c74.jpg,640,640,Germany,197,287,428,614
images-11-_jpg.rf.7864f4ae20a09c3cae75caad71fd9164.jpg,640,640,India,210,220,503,537
download-4-_jpg.rf.79bcc45b941ac0afe2d4c1ab3b2145c6.jpg,640,640,China,156,70,228,183
images-12-_jpg.rf.791b38002c23c414401c6a30d5b317ea.jpg,640,640,Japan,93,138,449,446
images-4-_jpg.rf.766815d9095f92f7c0b1ff4f3de09ca4.jpg,640,640,United-Kingdom,29,28,631,620
images-10-_jpg.rf.7aa8a5700f2848b8eac377f961793735.jpg,640,640,Pakistan,150,169,523,400
download-1-_jpg.rf.79e82e40ae614fefc100488d9fd32034.jpg,640,640,United-Kingdom,0,0,640,640
images-4-_jpg.rf.7a5d24a6d9784e31f2529249b6f1a525.jpg,640,640,United-Kingdom,0,0,640,640
images-2-_jpg.rf.7ba7979132d3f82b99fe17ce661e305a.jpg,640,640,United-Kingdom,55,154,640,486
images-1-_png.rf.79ee8e1ec65441f3d415cd1eda895d22.jpg,640,640,Japan,253,132,478,336
images-25-_jpg.rf.7acb1eefe019671b6499e723cc9d68fb.jpg,640,640,Germany,347,225,486,409
images-25-_jpg.rf.7aac11a461d1cd3a6cf8b53108ce8c35.jpg,640,640,Pakistan,437,156,640,329
images-27-_jpg.rf.7bb7643a0cddd3abd6fb2a12ae166bc5.jpg,640,640,India,107,207,531,589
images-1-_jpg.rf.7b303b1a2f322f42e9a348c5bc7c0007.jpg,640,640,Pakistan,214,224,364,443
images-14-_jpg.rf.7af89110f2acb71b49c3a422d5089f63.jpg,640,640,India,187,69,581,494
images-3-_jpg.rf.7b014a6b36d1fc2abaf023c3340525d4.jpg,640,640,India,181,148,436,339
download_jpg.rf.7d374e5b2861c9e1e8af8e392f992fa1.jpg,640,640,South-Korea,118,136,506,557
images_jpg.rf.7df59006e5698a6128ba88bdaab9f5a0.jpg,640,640,China,32,103,566,522
images-20-_jpg.rf.7e0b37b89e001606fa2f75c2bec15e0c.jpg,640,640,United-States,279,109,393,490
images-26-_jpg.rf.6de2c28093dfb754fb704becc5d17a9e.jpg,640,640,Germany,286,96,392,346
download-1-_png.rf.8028d1d6aded912db1dfb6bd6ff7977f.jpg,640,640,Pakistan,60,157,581,502
images-18-_jpg.rf.7f7e31891067821a88ce7ee0b65fa503.jpg,640,640,China,34,108,273,461
download-3-_jpg.rf.7fff2c68ee2326931e614f1b0b014999.jpg,640,640,Russia,56,3,592,537
images-21-_jpg.rf.7d2e09595fc3496acb83323984716dab.jpg,640,640,United-States,167,206,318,528
images-9-_jpg.rf.7fadb489763ec5f66563c358a5f59360.jpg,640,640,Pakistan,203,189,558,406
images_png.rf.7c6807388bedc3988252d309fded1f66.jpg,640,640,United-States,539,275,615,361
images_png.rf.8036983510f9d1147621cf3099151f42.jpg,640,640,Japan,368,164,621,290
download_png.rf.803d87da073809960ee6163657fbdf63.jpg,640,640,Russia,10,121,640,640
images-13-_jpg.rf.8249ac1fecc46680e26be2e9de51c409.jpg,640,640,India,322,84,535,422
images_png.rf.7c61d2dc0b00c314630dfcff22babc07.jpg,640,640,India,123,192,493,586
images-1-_jpg.rf.815b85aa452418d04c45bb1a5c7e11e1.jpg,640,640,Germany,202,270,367,399
images-15-_jpg.rf.8283def7954d433ee506f64a789a0359.jpg,640,640,Germany,206,288,550,512
images-20-_jpg.rf.80cd0faf9476f24d6d62980a220fd1ce.jpg,640,640,Germany,57,169,542,532
images-12-_jpg.rf.847e5ea768f6d20f5761aefb6df39826.jpg,640,640,United-States,161,70,435,476
images-21-_jpg.rf.859ad43e6d51440de7cfd5a39bf8e693.jpg,640,640,Canada,278,47,441,133
images-2-_png.rf.85d9940e2d28327e95a384ab830c750d.jpg,640,640,United-States,485,416,611,509
images-2-_png.rf.85d9940e2d28327e95a384ab830c750d.jpg,640,640,United-States,271,440,406,515
images-2-_png.rf.85d9940e2d28327e95a384ab830c750d.jpg,640,640,United-States,273,11,344,160
images-2-_png.rf.85d9940e2d28327e95a384ab830c750d.jpg,640,640,United-States,474,15,550,148
images-11-_jpg.rf.85d80746ccf0e5b59bf496ea76ae1931.jpg,640,640,Pakistan,96,66,556,523
images-4-_jpg.rf.889abf8eabb33f4587c5ab748298c869.jpg,640,640,Canada,275,142,435,418
images_png.rf.86164f5688d0045519e051dbbe9f5e89.jpg,640,640,Canada,44,114,640,446
images-3-_jpg.rf.8a356598573bc2b928818e2bf6fb6424.jpg,640,640,United-States,134,206,368,395
images-6-_jpg.rf.7f76c7a641d82d1a12d1a17cc6fc7061.jpg,640,640,Pakistan,413,123,591,407
images-8-_jpg.rf.88ff5389b18e6d1d89c3028806ff7252.jpg,640,640,South-Korea,51,142,542,507
images-2-_jpg.rf.89e3ac15fa232016af4a9dd16b6f37ff.jpg,640,640,United-States,175,165,524,429
images-2-_jpg.rf.8636a174531fcb640635c924b947ab9b.jpg,640,640,China,306,376,580,628
images-10-_jpg.rf.88782866070fecde5e4f7b375224df2e.jpg,640,640,Russia,166,160,461,368
images-15-_jpg.rf.840efd3cca442eb56149753fbcacffbc.jpg,640,640,Pakistan,131,103,401,391
images-7-_jpg.rf.7b67aec590014e79a0c0e4bee005f086.jpg,640,640,Germany,172,125,487,383
images-5-_jpg.rf.89bf99c1cb7cb9dfafa94461afa2fd5d.jpg,640,640,China,225,101,534,345
download_jpg.rf.8a6e0cb76c5182649b5a89cc0baccc5f.jpg,640,640,South-Korea,153,90,511,477
images-15-_jpg.rf.8a6274a54c03df64a3cbe2dfe4deee4f.jpg,640,640,Germany,96,142,428,354
images-22-_jpg.rf.8ac3ccc8e01da2bc425c170dcbe3a6c2.jpg,640,640,Germany,258,150,501,567
images-17-_jpg.rf.8a76c7e02bc5f0c47813cde302cf64e3.jpg,640,640,United-Kingdom,131,80,360,297
download_png.rf.8a76b61573dc54926596760978f702a3.jpg,640,640,Canada,73,210,591,507
images-29-_jpg.rf.80e1489b742ba77fc0b3fc74026fc7f3.jpg,640,640,South-Korea,330,214,596,429
images-10-_jpg.rf.8aa88f84dffb6596039a6c34b8b32757.jpg,640,640,South-Korea,271,86,453,518
download-3-_jpg.rf.8b5d2b43c8981a7fd69d5f032a6f5cf0.jpg,640,640,United-States,69,118,483,424
images-5-_jpg.rf.87cab49e2f6375c3674345d7729de57e.jpg,640,640,Russia,176,90,440,420
images-21-_jpg.rf.82425b0bff17b492532811585d0066bc.jpg,640,640,United-States,280,93,470,439
images-6-_jpg.rf.8ba006fd0c1ca26c760e5edde43ef2bd.jpg,640,640,Canada,187,99,405,470
download-1-_png.rf.8840201d48b822ddb402d08a67e47537.jpg,640,640,Pakistan,36,115,587,529
images-12-_jpg.rf.8dfa0652a8b4cf95b2a48004d823409c.jpg,640,640,South-Korea,96,127,579,463
download-2-_jpg.rf.8e8f4df50d0b1914fd5ab0e82c3e6667.jpg,640,640,South-Korea,9,245,191,446
images-6-_jpg.rf.8df4650cf2054c4db8cd9add67166ab4.jpg,640,640,United-States,145,103,470,463
images-1-_jpg.rf.8baa565ec8cb8a3b3d3e44d812c92ada.jpg,640,640,South-Korea,132,323,353,459
images-11-_jpg.rf.8faa753ce5fe08dc446c38893519c26f.jpg,640,640,South-Korea,387,103,524,446
images-3-_jpg.rf.8cb6e3bf1f460e8eff005a6cbefa81f6.jpg,640,640,Canada,0,0,640,640
images-21-_jpg.rf.8ebccab850b83cccbc8b0255c6abdfcf.jpg,640,640,Canada,137,482,318,602
images_jpg.rf.8ee092abf09f3a32418c86074d52251f.jpg,640,640,United-States,63,143,583,513
images-4-_jpg.rf.8c62861c38041f20094ae61dcdcc5317.jpg,640,640,China,103,113,459,507
images-7-_jpg.rf.8cb3644ef0dccf86b3931e5f4cfc6350.jpg,640,640,United-States,0,129,579,509
images-28-_jpg.rf.8e20651a98326f4e37e31780e76d86d5.jpg,640,640,Japan,198,160,477,435
images-17-_jpg.rf.8fba9735efcc9764a1f2b8a449fdc4bf.jpg,640,640,Germany,183,147,421,568
images-12-_jpg.rf.8f22e50549b6e00d45eb2b498ad5ad96.jpg,640,640,Pakistan,173,120,500,526
images-26-_jpg.rf.8dbd925053a94691b3f537c2010ae012.jpg,640,640,South-Korea,191,63,267,599
images-3-_png.rf.9172706932c58d95ef1bca155f377da3.jpg,640,640,Germany,264,258,378,392
images-13-_jpg.rf.9181e17ee90a08e1293afc7237634648.jpg,640,640,Russia,41,178,563,557
images-6-_jpg.rf.9066e12c75cbdb9281860ec0ccf1d6ca.jpg,640,640,Canada,184,178,435,554
images-3-_jpg.rf.9017eec8cda9eaa9cc95ba51ab0cda3a.jpg,640,640,United-Kingdom,84,101,363,438
images-13-_jpg.rf.916a4f21667ab5ee3146d4b618ccac13.jpg,640,640,Canada,265,166,499,364
images-26-_jpg.rf.8fb6239d1917d1daade21d055810256d.jpg,640,640,India,105,84,359,446
images-13-_jpg.rf.91d125e116242118f9005f4f038f604a.jpg,640,640,Canada,296,191,491,343
images-21-_jpg.rf.90d8cbc7f3920d0603cf39f8a6ad03b4.jpg,640,640,India,274,280,438,472
download_jpg.rf.91d29070a1ce2f7994dd3dafef3ea59e.jpg,640,640,China,0,63,610,587
download-2-_jpg.rf.8c2ed2e8299ceef1394520f526e1ac6c.jpg,640,640,Japan,51,82,539,635
images-15-_jpg.rf.91d75ecf3df798a87d6c03462dc4522b.jpg,640,640,Pakistan,229,192,560,543
images-1-_jpg.rf.93aae69b946f24898ad8e76004040a37.jpg,640,640,United-States,172,162,380,469
images-13-_jpg.rf.927cad5d8099bc0c2a87fd7950756a15.jpg,640,640,South-Korea,282,150,493,342
images-6-_jpg.rf.91e8af7d42151e88227ce6ede4162d8e.jpg,640,640,India,144,180,494,404
images-2-_png.rf.92f232ba77beef2564d58fa985849e06.jpg,640,640,China,112,107,550,453
images-2-_png.rf.92f232ba77beef2564d58fa985849e06.jpg,640,640,China,49,542,167,621
images-7-_jpg.rf.8db2742f2e472bf4d39abe19110a4b7b.jpg,640,640,China,115,125,524,496
images-8-_jpg.rf.95460c653967243c0bff2115ff4a0464.jpg,640,640,United-States,5,98,619,614
images-16-_jpg.rf.97018c3f0a7da65da34feba528cd9fea.jpg,640,640,India,117,109,496,485
images-27-_jpg.rf.95991006fc415a43f5aacb94f6d2834a.jpg,640,640,Japan,243,145,380,417
images-14-_jpg.rf.8ff97937fcf1035888238763cd5519aa.jpg,640,640,Germany,161,101,514,539
images-6-_jpg.rf.98e93914e421b216ebb41415c70314f7.jpg,640,640,Germany,56,151,473,581
images-29-_jpg.rf.98ff9acfd762e0b575168789ae2aee9a.jpg,640,640,Pakistan,123,0,517,572
download-1-_png.rf.9935661dd3d9898bce4eb1b69a075473.jpg,640,640,Pakistan,77,166,553,471
images-24-_jpg.rf.975727330098ac3a092a7cdb2a4bd400.jpg,640,640,Germany,165,115,437,640
images-24-_jpg.rf.8c8d4c77d58932cccb40625a4cbfd3e8.jpg,640,640,India,127,181,474,549
images-31-_jpg.rf.988aa16b338d3cd634dfd80e39594a5f.jpg,640,640,Pakistan,127,198,470,517
images-1-_jpg.rf.94cfd33f8474049ddf0ae3aab6572f25.jpg,640,640,Canada,104,129,490,460
images-21-_jpg.rf.980f53cb0ea5f9e9762b261955aced17.jpg,640,640,Japan,235,212,468,484
images-2-_png.rf.99cdc334c0d3a21d897b42ad00c1f67c.jpg,640,640,China,106,103,499,411
images-2-_png.rf.99cdc334c0d3a21d897b42ad00c1f67c.jpg,640,640,China,448,500,555,570
images_png.rf.97d2397d63c382c42bb0c6f4fa31db52.jpg,640,640,India,148,80,463,421
images-12-_jpg.rf.96a1fa299a8dc75f2f07b7cd4848a735.jpg,640,640,India,158,1,599,640
images-7-_jpg.rf.94d1acc67fb2ea5bfb7a03fb9b27e58e.jpg,640,640,United-States,97,157,625,459
images-12-_jpg.rf.98d5f18bf3d69c6307f607277a3c48b5.jpg,640,640,United-States,185,41,438,454
download_png.rf.9ca88e2427e33c015297bdfab6dba474.jpg,640,640,Russia,31,175,607,618
images-5-_jpg.rf.9ce124ce231d86fdc81f6d899321eeec.jpg,640,640,Pakistan,175,334,587,565
download-1-_jpg.rf.9a9af20d28be809ccc64dc51f10c4765.jpg,640,640,Germany,199,56,370,257
images-16-_jpg.rf.9c2ceafee8137c42dfed40b96ea0cbe2.jpg,640,640,China,228,130,534,620
images-21-_jpg.rf.9d7b803b46a1c100eafce94c2b258d70.jpg,640,640,Canada,217,34,390,137
images-27-_jpg.rf.9e200b51a86a2ecd956b5e44bf5a3465.jpg,640,640,Japan,223,133,394,431
images-9-_jpg.rf.941e1978f4e84f562aa4042584b3cb70.jpg,640,640,United-States,312,10,500,448
images-21-_jpg.rf.9ce74a91578c892d7b06f7bda95c94ac.jpg,640,640,Pakistan,207,167,439,353
images-16-_jpg.rf.9cfacd1951508c060d20d2b9866a6783.jpg,640,640,United-States,118,133,640,583
download-1-_png.rf.9c0e16127d4df3cff9546e4c35585a4c.jpg,640,640,United-Kingdom,256,459,491,607
images-29-_jpg.rf.9ad15b641c1574742a03ce7053e39e43.jpg,640,640,Pakistan,164,72,487,640
images-30-_jpg.rf.9cbd90ccb99181033237b0df838ab1a4.jpg,640,640,South-Korea,200,106,498,493
images-17-_jpg.rf.9ddc020f864949d01ec2a3e07a4b7409.jpg,640,640,United-Kingdom,289,313,550,565